district,subdivision,block,panchayat_count,village_count,source_id,as_of,observation_type,quality_class
Hazaribagh,Hazaribagh,Barkagaon,23,86,JH_AH_NORTH_ADMIN,2026-09-05,observed_source_snapshot,A
Hazaribagh,Hazaribagh,Bishungarh,24,102,JH_AH_NORTH_ADMIN,2026-09-05,observed_source_snapshot,A
Hazaribagh,Hazaribagh,Churchu,8,40,JH_AH_NORTH_ADMIN,2026-09-05,observed_source_snapshot,A
Hazaribagh,Hazaribagh,Dadi,14,31,JH_AH_NORTH_ADMIN,2026-09-05,observed_source_snapshot,A
Hazaribagh,Hazaribagh,Daru,9,53,JH_AH_NORTH_ADMIN,2026-09-05,observed_source_snapshot,A
Hazaribagh,Hazaribagh,Hazaribagh,25,86,JH_AH_NORTH_ADMIN,2026-09-05,observed_source_snapshot,A
Hazaribagh,Hazaribagh,Ichak,19,98,JH_AH_NORTH_ADMIN,2026-09-05,observed_source_snapshot,A
Hazaribagh,Hazaribagh,Katamdag,13,48,JH_AH_NORTH_ADMIN,2026-09-05,observed_source_snapshot,A
Hazaribagh,Hazaribagh,Katkamsandi,18,85,JH_AH_NORTH_ADMIN,2026-09-05,observed_source_snapshot,A
Hazaribagh,Hazaribagh,Keredari,16,76,JH_AH_NORTH_ADMIN,2026-09-05,observed_source_snapshot,A
Hazaribagh,Hazaribagh,Tatijhariya,8,60,JH_AH_NORTH_ADMIN,2026-09-05,observed_source_snapshot,A
Hazaribagh,Barhi,Barhi,20,125,JH_AH_NORTH_ADMIN,2026-09-05,observed_source_snapshot,A
Hazaribagh,Barhi,Barkatha,17,84,JH_AH_NORTH_ADMIN,2026-09-05,observed_source_snapshot,A
Hazaribagh,Barhi,Chalkusa,9,40,JH_AH_NORTH_ADMIN,2026-09-05,observed_source_snapshot,A
Hazaribagh,Barhi,Chauparan,26,267,JH_AH_NORTH_ADMIN,2026-09-05,observed_source_snapshot,A
Hazaribagh,Barhi,Padma,8,43,JH_AH_NORTH_ADMIN,2026-09-05,observed_source_snapshot,A
Dhanbad,Dhanbad,Baghmara,61,227,JH_AH_NORTH_ADMIN,2026-09-05,observed_source_snapshot,A
Dhanbad,Dhanbad,Baliapur,23,66,JH_AH_NORTH_ADMIN,2026-09-05,observed_source_snapshot,A
Dhanbad,Dhanbad,Dhanbad,12,85,JH_AH_NORTH_ADMIN,2026-09-05,observed_source_snapshot,A
Dhanbad,Dhanbad,Egarkund,20,38,JH_AH_NORTH_ADMIN,2026-09-05,observed_source_snapshot,A
Dhanbad,Dhanbad,Govindpur,39,225,JH_AH_NORTH_ADMIN,2026-09-05,observed_source_snapshot,A
Dhanbad,Dhanbad,Kaliasol,20,96,JH_AH_NORTH_ADMIN,2026-09-05,observed_source_snapshot,A
Dhanbad,Dhanbad,Nirsa,27,119,JH_AH_NORTH_ADMIN,2026-09-05,observed_source_snapshot,A
Dhanbad,Dhanbad,Purbi Tundi,9,92,JH_AH_NORTH_ADMIN,2026-09-05,observed_source_snapshot,A
Dhanbad,Dhanbad,Topchanchi,28,126,JH_AH_NORTH_ADMIN,2026-09-05,observed_source_snapshot,A
Dhanbad,Dhanbad,Tundi,17,296,JH_AH_NORTH_ADMIN,2026-09-05,observed_source_snapshot,A
Giridih,Giridih,Bengabad,25,240,JH_AH_NORTH_ADMIN,2026-09-05,observed_source_snapshot,A
Giridih,Giridih,Gandey,26,251,JH_AH_NORTH_ADMIN,2026-09-05,observed_source_snapshot,A
Giridih,Giridih,Giridih,40,216,JH_AH_NORTH_ADMIN,2026-09-05,observed_source_snapshot,A
Giridih,Khorimahua,Deori,27,283,JH_AH_NORTH_ADMIN,2026-09-05,observed_source_snapshot,A
Giridih,Khorimahua,Dhanwar,37,265,JH_AH_NORTH_ADMIN,2026-09-05,observed_source_snapshot,A
Giridih,Khorimahua,Gawan,17,155,JH_AH_NORTH_ADMIN,2026-09-05,observed_source_snapshot,A
Giridih,Khorimahua,Jamua,42,291,JH_AH_NORTH_ADMIN,2026-09-05,observed_source_snapshot,A
Giridih,Khorimahua,Tisri,17,205,JH_AH_NORTH_ADMIN,2026-09-05,observed_source_snapshot,A
Giridih,Dumri,Dumri,35,182,JH_AH_NORTH_ADMIN,2026-09-05,observed_source_snapshot,A
Giridih,Dumri,Pirtand,17,177,JH_AH_NORTH_ADMIN,2026-09-05,observed_source_snapshot,A
Giridih,Sariya,Bagodar,20,68,JH_AH_NORTH_ADMIN,2026-09-05,observed_source_snapshot,A
Giridih,Sariya,Birni,28,174,JH_AH_NORTH_ADMIN,2026-09-05,observed_source_snapshot,A
Giridih,Sariya,Sariya,22,69,JH_AH_NORTH_ADMIN,2026-09-05,observed_source_snapshot,A
Koderma,Koderma,Chandwara,15,90,JH_AH_NORTH_ADMIN,2026-09-05,observed_source_snapshot,A
Koderma,Koderma,Domchanch,21,133,JH_AH_NORTH_ADMIN,2026-09-05,observed_source_snapshot,A
Koderma,Koderma,Jaynagar,23,136,JH_AH_NORTH_ADMIN,2026-09-05,observed_source_snapshot,A
Koderma,Koderma,Koderma,18,98,JH_AH_NORTH_ADMIN,2026-09-05,observed_source_snapshot,A
Koderma,Koderma,Markacho,16,110,JH_AH_NORTH_ADMIN,2026-09-05,observed_source_snapshot,A
Koderma,Koderma,Satgawan,16,146,JH_AH_NORTH_ADMIN,2026-09-05,observed_source_snapshot,A
Chatra,Chatra,Chatra,16,182,JH_AH_NORTH_ADMIN,2026-09-05,observed_source_snapshot,A
Chatra,Chatra,Hunterganj,28,270,JH_AH_NORTH_ADMIN,2026-09-05,observed_source_snapshot,A
Chatra,Chatra,Itkhori,12,159,JH_AH_NORTH_ADMIN,2026-09-05,observed_source_snapshot,A
Chatra,Chatra,Kanhachatti,10,124,JH_AH_NORTH_ADMIN,2026-09-05,observed_source_snapshot,A
Chatra,Chatra,Kunda,5,78,JH_AH_NORTH_ADMIN,2026-09-05,observed_source_snapshot,A
Chatra,Chatra,Mayurhand,10,118,JH_AH_NORTH_ADMIN,2026-09-05,observed_source_snapshot,A
Chatra,Chatra,Pratappur,18,176,JH_AH_NORTH_ADMIN,2026-09-05,observed_source_snapshot,A
Chatra,Simaria,Gidhaur,6,38,JH_AH_NORTH_ADMIN,2026-09-05,observed_source_snapshot,A
Chatra,Simaria,Lawalong,8,103,JH_AH_NORTH_ADMIN,2026-09-05,observed_source_snapshot,A
Chatra,Simaria,Pathalgada,5,30,JH_AH_NORTH_ADMIN,2026-09-05,observed_source_snapshot,A
Chatra,Simaria,Simaria,17,100,JH_AH_NORTH_ADMIN,2026-09-05,observed_source_snapshot,A
Chatra,Simaria,Tandwa,19,96,JH_AH_NORTH_ADMIN,2026-09-05,observed_source_snapshot,A
Bokaro,Chas,Chandankiyari,38,133,JH_AH_NORTH_ADMIN,2026-09-05,observed_source_snapshot,A
Bokaro,Chas,Chas,56,153,JH_AH_NORTH_ADMIN,2026-09-05,observed_source_snapshot,A
Bokaro,Tenughat,Bermo,19,21,JH_AH_NORTH_ADMIN,2026-09-05,observed_source_snapshot,A
Bokaro,Tenughat,Chandrapura,23,38,JH_AH_NORTH_ADMIN,2026-09-05,observed_source_snapshot,A
Bokaro,Tenughat,Gomia,36,141,JH_AH_NORTH_ADMIN,2026-09-05,observed_source_snapshot,A
Bokaro,Tenughat,Jaridih,17,51,JH_AH_NORTH_ADMIN,2026-09-05,observed_source_snapshot,A
Bokaro,Tenughat,Kasmar,15,68,JH_AH_NORTH_ADMIN,2026-09-05,observed_source_snapshot,A
Bokaro,Tenughat,Nawadih,23,78,JH_AH_NORTH_ADMIN,2026-09-05,observed_source_snapshot,A
Bokaro,Tenughat,Petarwar,23,68,JH_AH_NORTH_ADMIN,2026-09-05,observed_source_snapshot,A
Ramgarh,Ramgarh,Chitarpur,13,23,JH_AH_NORTH_ADMIN,2026-09-05,observed_source_snapshot,A
Ramgarh,Ramgarh,Dulmi,10,40,JH_AH_NORTH_ADMIN,2026-09-05,observed_source_snapshot,A
Ramgarh,Ramgarh,Gola,21,91,JH_AH_NORTH_ADMIN,2026-09-05,observed_source_snapshot,A
Ramgarh,Ramgarh,Mandu,36,85,JH_AH_NORTH_ADMIN,2026-09-05,observed_source_snapshot,A
Ramgarh,Ramgarh,Patratu,42,85,JH_AH_NORTH_ADMIN,2026-09-05,observed_source_snapshot,A
Ramgarh,Ramgarh,Ramgarh,3,27,JH_AH_NORTH_ADMIN,2026-09-05,observed_source_snapshot,A
Dumka,Dumka,Dumka,25,276,JH_AH_SANTHAL_ADMIN,2026-09-05,observed_source_snapshot,A
Dumka,Dumka,Gopikandar,7,129,JH_AH_SANTHAL_ADMIN,2026-09-05,observed_source_snapshot,A
Dumka,Dumka,Jama,23,320,JH_AH_SANTHAL_ADMIN,2026-09-05,observed_source_snapshot,A
Dumka,Dumka,Jarmundi,27,512,JH_AH_SANTHAL_ADMIN,2026-09-05,observed_source_snapshot,A
Dumka,Dumka,Kathikund,12,197,JH_AH_SANTHAL_ADMIN,2026-09-05,observed_source_snapshot,A
Dumka,Dumka,Masalia,21,318,JH_AH_SANTHAL_ADMIN,2026-09-05,observed_source_snapshot,A
Dumka,Dumka,Ramgarh,27,348,JH_AH_SANTHAL_ADMIN,2026-09-05,observed_source_snapshot,A
Dumka,Dumka,Raneshwar,17,217,JH_AH_SANTHAL_ADMIN,2026-09-05,observed_source_snapshot,A
Dumka,Dumka,Saraiyahat,25,352,JH_AH_SANTHAL_ADMIN,2026-09-05,observed_source_snapshot,A
Dumka,Dumka,Shikaripara,22,260,JH_AH_SANTHAL_ADMIN,2026-09-05,observed_source_snapshot,A
Deoghar,Deoghar,Deoghar,23,313,JH_AH_SANTHAL_ADMIN,2026-09-05,observed_source_snapshot,A
Deoghar,Deoghar,Devipur,17,259,JH_AH_SANTHAL_ADMIN,2026-09-05,observed_source_snapshot,A
Deoghar,Deoghar,Mohanpur,28,457,JH_AH_SANTHAL_ADMIN,2026-09-05,observed_source_snapshot,A
Deoghar,Deoghar,Sarwan,14,244,JH_AH_SANTHAL_ADMIN,2026-09-05,observed_source_snapshot,A
Deoghar,Deoghar,Sonaraithadi,12,214,JH_AH_SANTHAL_ADMIN,2026-09-05,observed_source_snapshot,A
Deoghar,Madhupur,Karo,14,152,JH_AH_SANTHAL_ADMIN,2026-09-05,observed_source_snapshot,A
Deoghar,Madhupur,Madhupur,21,222,JH_AH_SANTHAL_ADMIN,2026-09-05,observed_source_snapshot,A
Deoghar,Madhupur,Margomunda,13,122,JH_AH_SANTHAL_ADMIN,2026-09-05,observed_source_snapshot,A
Deoghar,Madhupur,Palojori,25,291,JH_AH_SANTHAL_ADMIN,2026-09-05,observed_source_snapshot,A
Deoghar,Madhupur,Sarath,27,390,JH_AH_SANTHAL_ADMIN,2026-09-05,observed_source_snapshot,A
Sahibganj,Sahibganj,Barhet,22,275,JH_AH_SANTHAL_ADMIN,2026-09-05,observed_source_snapshot,A
Sahibganj,Sahibganj,Borio,17,344,JH_AH_SANTHAL_ADMIN,2026-09-05,observed_source_snapshot,A
Sahibganj,Sahibganj,Mandro,12,228,JH_AH_SANTHAL_ADMIN,2026-09-05,observed_source_snapshot,A
Sahibganj,Sahibganj,Sahibganj,11,32,JH_AH_SANTHAL_ADMIN,2026-09-05,observed_source_snapshot,A
Sahibganj,Rajmahal,Barharwa,29,241,JH_AH_SANTHAL_ADMIN,2026-09-05,observed_source_snapshot,A
Sahibganj,Rajmahal,Pathna,13,150,JH_AH_SANTHAL_ADMIN,2026-09-05,observed_source_snapshot,A
Sahibganj,Rajmahal,Rajmahal,23,147,JH_AH_SANTHAL_ADMIN,2026-09-05,observed_source_snapshot,A
Sahibganj,Rajmahal,Taljhari,13,273,JH_AH_SANTHAL_ADMIN,2026-09-05,observed_source_snapshot,A
Sahibganj,Rajmahal,Udhwa,26,129,JH_AH_SANTHAL_ADMIN,2026-09-05,observed_source_snapshot,A
Godda,Godda,Basantrai,14,82,JH_AH_SANTHAL_ADMIN,2026-09-05,observed_source_snapshot,A
Godda,Godda,Godda,34,196,JH_AH_SANTHAL_ADMIN,2026-09-05,observed_source_snapshot,A
Godda,Godda,Pathargama,19,141,JH_AH_SANTHAL_ADMIN,2026-09-05,observed_source_snapshot,A
Godda,Godda,Poraiyahat,31,194,JH_AH_SANTHAL_ADMIN,2026-09-05,observed_source_snapshot,A
Godda,Godda,Sundarpahari,13,208,JH_AH_SANTHAL_ADMIN,2026-09-05,observed_source_snapshot,A
Godda,Mahgama,Boarijor,22,296,JH_AH_SANTHAL_ADMIN,2026-09-05,observed_source_snapshot,A
Godda,Mahgama,Mahgama,29,140,JH_AH_SANTHAL_ADMIN,2026-09-05,observed_source_snapshot,A
Godda,Mahgama,Meherma,23,136,JH_AH_SANTHAL_ADMIN,2026-09-05,observed_source_snapshot,A
Godda,Mahgama,Thakurgangti,16,141,JH_AH_SANTHAL_ADMIN,2026-09-05,observed_source_snapshot,A
Jamtara,Jamtara,Fatehpur,15,173,JH_AH_SANTHAL_ADMIN,2026-09-05,observed_source_snapshot,A
Jamtara,Jamtara,Jamtara,22,123,JH_AH_SANTHAL_ADMIN,2026-09-05,observed_source_snapshot,A
Jamtara,Jamtara,Karmatand,18,144,JH_AH_SANTHAL_ADMIN,2026-09-05,observed_source_snapshot,A
Jamtara,Jamtara,Kundhit,15,157,JH_AH_SANTHAL_ADMIN,2026-09-05,observed_source_snapshot,A
Jamtara,Jamtara,Nala,23,230,JH_AH_SANTHAL_ADMIN,2026-09-05,observed_source_snapshot,A
Jamtara,Jamtara,Narayanpur,25,230,JH_AH_SANTHAL_ADMIN,2026-09-05,observed_source_snapshot,A
Pakur,Pakur,Amrapara,10,123,JH_AH_SANTHAL_ADMIN,2026-09-05,observed_source_snapshot,A
Pakur,Pakur,Hiranpur,14,133,JH_AH_SANTHAL_ADMIN,2026-09-05,observed_source_snapshot,A
Pakur,Pakur,Litipara,17,304,JH_AH_SANTHAL_ADMIN,2026-09-05,observed_source_snapshot,A
Pakur,Pakur,Maheshpur,33,345,JH_AH_SANTHAL_ADMIN,2026-09-05,observed_source_snapshot,A
Pakur,Pakur,Pakur,36,189,JH_AH_SANTHAL_ADMIN,2026-09-05,observed_source_snapshot,A
Pakur,Pakur,Pakuria,18,156,JH_AH_SANTHAL_ADMIN,2026-09-05,observed_source_snapshot,A
Ranchi,Ranchi,Angara,21,83,JH_AH_SOUTH_ADMIN,2026-09-05,observed_source_snapshot,A
Ranchi,Ranchi,Bero,17,84,JH_AH_SOUTH_ADMIN,2026-09-05,observed_source_snapshot,A
Ranchi,Ranchi,Burmu,14,77,JH_AH_SOUTH_ADMIN,2026-09-05,observed_source_snapshot,A
Ranchi,Ranchi,Chanho,17,67,JH_AH_SOUTH_ADMIN,2026-09-05,observed_source_snapshot,A
Ranchi,Ranchi,Itki,9,46,JH_AH_SOUTH_ADMIN,2026-09-05,observed_source_snapshot,A
Ranchi,Ranchi,Kanke,32,135,JH_AH_SOUTH_ADMIN,2026-09-05,observed_source_snapshot,A
Ranchi,Ranchi,Khelari,14,25,JH_AH_SOUTH_ADMIN,2026-09-05,observed_source_snapshot,A
Ranchi,Ranchi,Lapung,11,79,JH_AH_SOUTH_ADMIN,2026-09-05,observed_source_snapshot,A
Ranchi,Ranchi,Mandar,19,69,JH_AH_SOUTH_ADMIN,2026-09-05,observed_source_snapshot,A
Ranchi,Ranchi,Nagri,13,46,JH_AH_SOUTH_ADMIN,2026-09-05,observed_source_snapshot,A
Ranchi,Ranchi,Namkum,23,110,JH_AH_SOUTH_ADMIN,2026-09-05,observed_source_snapshot,A
Ranchi,Ranchi,Ormanjhi,18,91,JH_AH_SOUTH_ADMIN,2026-09-05,observed_source_snapshot,A
Ranchi,Ranchi,Ratu,20,51,JH_AH_SOUTH_ADMIN,2026-09-05,observed_source_snapshot,A
Ranchi,Ranchi,Silli,20,102,JH_AH_SOUTH_ADMIN,2026-09-05,observed_source_snapshot,A
Ranchi,Bundu,Bundu,11,88,JH_AH_SOUTH_ADMIN,2026-09-05,observed_source_snapshot,A
Ranchi,Bundu,Rahe,9,59,JH_AH_SOUTH_ADMIN,2026-09-05,observed_source_snapshot,A
Ranchi,Bundu,Sonahatu,14,64,JH_AH_SOUTH_ADMIN,2026-09-05,observed_source_snapshot,A
Ranchi,Bundu,Tamar,23,144,JH_AH_SOUTH_ADMIN,2026-09-05,observed_source_snapshot,A
Gumla,Gumla,Bharno,12,70,JH_AH_SOUTH_ADMIN,2026-09-05,observed_source_snapshot,A
Gumla,Gumla,Bishunpur,10,68,JH_AH_SOUTH_ADMIN,2026-09-05,observed_source_snapshot,A
Gumla,Gumla,Ghaghra,18,120,JH_AH_SOUTH_ADMIN,2026-09-05,observed_source_snapshot,A
Gumla,Gumla,Gumla,25,108,JH_AH_SOUTH_ADMIN,2026-09-05,observed_source_snapshot,A
Gumla,Gumla,Raidih,13,61,JH_AH_SOUTH_ADMIN,2026-09-05,observed_source_snapshot,A
Gumla,Gumla,Sisai,18,90,JH_AH_SOUTH_ADMIN,2026-09-05,observed_source_snapshot,A
Gumla,Basia,Basia,15,88,JH_AH_SOUTH_ADMIN,2026-09-05,observed_source_snapshot,A
Gumla,Basia,Kamdara,10,73,JH_AH_SOUTH_ADMIN,2026-09-05,observed_source_snapshot,A
Gumla,Basia,Palkot,14,74,JH_AH_SOUTH_ADMIN,2026-09-05,observed_source_snapshot,A
Gumla,Chainpur,Chainpur,10,85,JH_AH_SOUTH_ADMIN,2026-09-05,observed_source_snapshot,A
Gumla,Chainpur,Dumri,9,63,JH_AH_SOUTH_ADMIN,2026-09-05,observed_source_snapshot,A
Gumla,Chainpur,Jari,5,52,JH_AH_SOUTH_ADMIN,2026-09-05,observed_source_snapshot,A
Lohardaga,Lohardaga,Bhandra,9,45,JH_AH_SOUTH_ADMIN,2026-09-05,observed_source_snapshot,A
Lohardaga,Lohardaga,Kairo,6,26,JH_AH_SOUTH_ADMIN,2026-09-05,observed_source_snapshot,A
Lohardaga,Lohardaga,Kisko,9,53,JH_AH_SOUTH_ADMIN,2026-09-05,observed_source_snapshot,A
Lohardaga,Lohardaga,Kuru,14,65,JH_AH_SOUTH_ADMIN,2026-09-05,observed_source_snapshot,A
Lohardaga,Lohardaga,Lohardaga,12,38,JH_AH_SOUTH_ADMIN,2026-09-05,observed_source_snapshot,A
Lohardaga,Lohardaga,Peshrar,5,74,JH_AH_SOUTH_ADMIN,2026-09-05,observed_source_snapshot,A
Lohardaga,Lohardaga,Senha,11,54,JH_AH_SOUTH_ADMIN,2026-09-05,observed_source_snapshot,A
Simdega,Simdega,Bano,16,93,JH_AH_SOUTH_ADMIN,2026-09-05,observed_source_snapshot,A
Simdega,Simdega,Bansjor,4,19,JH_AH_SOUTH_ADMIN,2026-09-05,observed_source_snapshot,A
Simdega,Simdega,Bolba,5,26,JH_AH_SOUTH_ADMIN,2026-09-05,observed_source_snapshot,A
Simdega,Simdega,Jaldega,10,60,JH_AH_SOUTH_ADMIN,2026-09-05,observed_source_snapshot,A
Simdega,Simdega,Kersai,7,22,JH_AH_SOUTH_ADMIN,2026-09-05,observed_source_snapshot,A
Simdega,Simdega,Kolebira,11,53,JH_AH_SOUTH_ADMIN,2026-09-05,observed_source_snapshot,A
Simdega,Simdega,Kurdeg,8,25,JH_AH_SOUTH_ADMIN,2026-09-05,observed_source_snapshot,A
Simdega,Simdega,Pakartanr,6,31,JH_AH_SOUTH_ADMIN,2026-09-05,observed_source_snapshot,A
Simdega,Simdega,Simdega,12,61,JH_AH_SOUTH_ADMIN,2026-09-05,observed_source_snapshot,A
Simdega,Simdega,Thethaitangar,15,61,JH_AH_SOUTH_ADMIN,2026-09-05,observed_source_snapshot,A
Khunti,Khunti,Arki,16,128,JH_AH_SOUTH_ADMIN,2026-09-05,observed_source_snapshot,A
Khunti,Khunti,Karra,19,178,JH_AH_SOUTH_ADMIN,2026-09-05,observed_source_snapshot,A
Khunti,Khunti,Khunti,12,148,JH_AH_SOUTH_ADMIN,2026-09-05,observed_source_snapshot,A
Khunti,Khunti,Murhu,16,141,JH_AH_SOUTH_ADMIN,2026-09-05,observed_source_snapshot,A
Khunti,Khunti,Rania,7,67,JH_AH_SOUTH_ADMIN,2026-09-05,observed_source_snapshot,A
Khunti,Khunti,Torpa,16,95,JH_AH_SOUTH_ADMIN,2026-09-05,observed_source_snapshot,A
Palamu,Medininagar,Bishrampur,10,54,JH_AH_PALAMU_ADMIN,2026-09-05,observed_source_snapshot,A
Palamu,Medininagar,Chainpur,35,186,JH_AH_PALAMU_ADMIN,2026-09-05,observed_source_snapshot,A
Palamu,Medininagar,Lesliganj,16,118,JH_AH_PALAMU_ADMIN,2026-09-05,observed_source_snapshot,A
Palamu,Medininagar,Manatu,7,84,JH_AH_PALAMU_ADMIN,2026-09-05,observed_source_snapshot,A
Palamu,Medininagar,Medininagar,18,59,JH_AH_PALAMU_ADMIN,2026-09-05,observed_source_snapshot,A
Palamu,Medininagar,Nawa Bazar,8,45,JH_AH_PALAMU_ADMIN,2026-09-05,observed_source_snapshot,A
Palamu,Medininagar,Padwa,8,34,JH_AH_PALAMU_ADMIN,2026-09-05,observed_source_snapshot,A
Palamu,Medininagar,Pandu,14,71,JH_AH_PALAMU_ADMIN,2026-09-05,observed_source_snapshot,A
Palamu,Medininagar,Panki,25,188,JH_AH_PALAMU_ADMIN,2026-09-05,observed_source_snapshot,A
Palamu,Medininagar,Patan,21,138,JH_AH_PALAMU_ADMIN,2026-09-05,observed_source_snapshot,A
Palamu,Medininagar,Ramgarh,2,9,JH_AH_PALAMU_ADMIN,2026-09-05,observed_source_snapshot,A
Palamu,Medininagar,Satbarwa,10,58,JH_AH_PALAMU_ADMIN,2026-09-05,observed_source_snapshot,A
Palamu,Medininagar,Tarhasi,13,94,JH_AH_PALAMU_ADMIN,2026-09-05,observed_source_snapshot,A
Palamu,Medininagar,Untari Road,6,27,JH_AH_PALAMU_ADMIN,2026-09-05,observed_source_snapshot,A
Palamu,Chhatarpur,Chhatarpur,23,130,JH_AH_PALAMU_ADMIN,2026-09-05,observed_source_snapshot,A
Palamu,Chhatarpur,Hariharganj,12,96,JH_AH_PALAMU_ADMIN,2026-09-05,observed_source_snapshot,A
Palamu,Chhatarpur,Nawdiha,13,95,JH_AH_PALAMU_ADMIN,2026-09-05,observed_source_snapshot,A
Palamu,Chhatarpur,Pipra,6,83,JH_AH_PALAMU_ADMIN,2026-09-05,observed_source_snapshot,A
Palamu,Hussainabad,Haidarnagar,12,58,JH_AH_PALAMU_ADMIN,2026-09-05,observed_source_snapshot,A
Palamu,Hussainabad,Hussainabad,22,162,JH_AH_PALAMU_ADMIN,2026-09-05,observed_source_snapshot,A
Palamu,Hussainabad,Mohammadganj,8,43,JH_AH_PALAMU_ADMIN,2026-09-05,observed_source_snapshot,A
Garhwa,Garhwa,Bardiha,6,22,JH_AH_PALAMU_ADMIN,2026-09-05,observed_source_snapshot,A
Garhwa,Garhwa,Danda,3,7,JH_AH_PALAMU_ADMIN,2026-09-05,observed_source_snapshot,A
Garhwa,Garhwa,Dandai,9,28,JH_AH_PALAMU_ADMIN,2026-09-05,observed_source_snapshot,A
Garhwa,Garhwa,Garhwa,22,122,JH_AH_PALAMU_ADMIN,2026-09-05,observed_source_snapshot,A
Garhwa,Garhwa,Kandi,16,101,JH_AH_PALAMU_ADMIN,2026-09-05,observed_source_snapshot,A
Garhwa,Garhwa,Majhiaon,9,47,JH_AH_PALAMU_ADMIN,2026-09-05,observed_source_snapshot,A
Garhwa,Garhwa,Meral,20,77,JH_AH_PALAMU_ADMIN,2026-09-05,observed_source_snapshot,A
Garhwa,Nagaruntari,Bhawnathpur,9,20,JH_AH_PALAMU_ADMIN,2026-09-05,observed_source_snapshot,A
Garhwa,Nagaruntari,Bishunpura,5,29,JH_AH_PALAMU_ADMIN,2026-09-05,observed_source_snapshot,A
Garhwa,Nagaruntari,Dhurki,8,28,JH_AH_PALAMU_ADMIN,2026-09-05,observed_source_snapshot,A
Garhwa,Nagaruntari,Ketar,7,31,JH_AH_PALAMU_ADMIN,2026-09-05,observed_source_snapshot,A
Garhwa,Nagaruntari,Kharaundhi,9,20,JH_AH_PALAMU_ADMIN,2026-09-05,observed_source_snapshot,A
Garhwa,Nagaruntari,Nagaruntari,12,78,JH_AH_PALAMU_ADMIN,2026-09-05,observed_source_snapshot,A
Garhwa,Nagaruntari,Ramna,11,39,JH_AH_PALAMU_ADMIN,2026-09-05,observed_source_snapshot,A
Garhwa,Nagaruntari,Sagma,5,17,JH_AH_PALAMU_ADMIN,2026-09-05,observed_source_snapshot,A
Garhwa,Ranka,Bhandaria,6,38,JH_AH_PALAMU_ADMIN,2026-09-05,observed_source_snapshot,A
Garhwa,Ranka,Bargarh,4,40,JH_AH_PALAMU_ADMIN,2026-09-05,observed_source_snapshot,A
Garhwa,Ranka,Chinia,7,31,JH_AH_PALAMU_ADMIN,2026-09-05,observed_source_snapshot,A
Garhwa,Ranka,Ramkanda,7,33,JH_AH_PALAMU_ADMIN,2026-09-05,observed_source_snapshot,A
Garhwa,Ranka,Ranka,14,81,JH_AH_PALAMU_ADMIN,2026-09-05,observed_source_snapshot,A
Latehar,Latehar,Balumath,13,67,JH_AH_PALAMU_ADMIN,2026-09-05,observed_source_snapshot,A
Latehar,Latehar,Bariyatu,9,56,JH_AH_PALAMU_ADMIN,2026-09-05,observed_source_snapshot,A
Latehar,Latehar,Barwadih,16,83,JH_AH_PALAMU_ADMIN,2026-09-05,observed_source_snapshot,A
Latehar,Latehar,Chandwa,17,85,JH_AH_PALAMU_ADMIN,2026-09-05,observed_source_snapshot,A
Latehar,Latehar,Herhanj,5,51,JH_AH_PALAMU_ADMIN,2026-09-05,observed_source_snapshot,A
Latehar,Latehar,Latehar,18,167,JH_AH_PALAMU_ADMIN,2026-09-05,observed_source_snapshot,A
Latehar,Latehar,Manika,15,84,JH_AH_PALAMU_ADMIN,2026-09-05,observed_source_snapshot,A
Latehar,Mahuadanr,Garu,8,74,JH_AH_PALAMU_ADMIN,2026-09-05,observed_source_snapshot,A
Latehar,Mahuadanr,Mahuadanr,14,106,JH_AH_PALAMU_ADMIN,2026-09-05,observed_source_snapshot,A
Latehar,,Saryu,,33,LATEHAR_BLOCK_2026,2026-09-05,observed_source_snapshot,A
West Singhbhum,Chaibasa,Chaibasa,15,75,JH_AH_KOLHAN_ADMIN,2026-09-05,observed_source_snapshot,A
West Singhbhum,Chaibasa,Hatgamharia,11,53,JH_AH_KOLHAN_ADMIN,2026-09-05,observed_source_snapshot,A
West Singhbhum,Chaibasa,Jhinkpani,7,28,JH_AH_KOLHAN_ADMIN,2026-09-05,observed_source_snapshot,A
West Singhbhum,Chaibasa,Khuntpani,13,115,JH_AH_KOLHAN_ADMIN,2026-09-05,observed_source_snapshot,A
West Singhbhum,Chaibasa,Manjhari,10,64,JH_AH_KOLHAN_ADMIN,2026-09-05,observed_source_snapshot,A
West Singhbhum,Chaibasa,Tantnagar,10,75,JH_AH_KOLHAN_ADMIN,2026-09-05,observed_source_snapshot,A
West Singhbhum,Chaibasa,Tonto,10,73,JH_AH_KOLHAN_ADMIN,2026-09-05,observed_source_snapshot,A
West Singhbhum,Chakradharpur,Anandpur,8,88,JH_AH_KOLHAN_ADMIN,2026-09-05,observed_source_snapshot,A
West Singhbhum,Chakradharpur,Bandgaon,13,211,JH_AH_KOLHAN_ADMIN,2026-09-05,observed_source_snapshot,A
West Singhbhum,Chakradharpur,Chakradharpur,23,179,JH_AH_KOLHAN_ADMIN,2026-09-05,observed_source_snapshot,A
West Singhbhum,Chakradharpur,Goilkera,11,111,JH_AH_KOLHAN_ADMIN,2026-09-05,observed_source_snapshot,A
West Singhbhum,Chakradharpur,Gudri,10,86,JH_AH_KOLHAN_ADMIN,2026-09-05,observed_source_snapshot,A
West Singhbhum,Chakradharpur,Manoharpur,15,99,JH_AH_KOLHAN_ADMIN,2026-09-05,observed_source_snapshot,A
West Singhbhum,Chakradharpur,Sonua,13,106,JH_AH_KOLHAN_ADMIN,2026-09-05,observed_source_snapshot,A
West Singhbhum,Jagannathpur,Jagannathpur,16,88,JH_AH_KOLHAN_ADMIN,2026-09-05,observed_source_snapshot,A
West Singhbhum,Jagannathpur,Kumardungi,9,60,JH_AH_KOLHAN_ADMIN,2026-09-05,observed_source_snapshot,A
West Singhbhum,Jagannathpur,Majhgaon,12,86,JH_AH_KOLHAN_ADMIN,2026-09-05,observed_source_snapshot,A
West Singhbhum,Jagannathpur,Noamundi,15,68,JH_AH_KOLHAN_ADMIN,2026-09-05,observed_source_snapshot,A
East Singhbhum,Jamshedpur,Boram,12,72,JH_AH_KOLHAN_ADMIN,2026-09-05,observed_source_snapshot,A
East Singhbhum,Jamshedpur,Jamshedpur,55,91,JH_AH_KOLHAN_ADMIN,2026-09-05,observed_source_snapshot,A
East Singhbhum,Jamshedpur,Patamda,15,89,JH_AH_KOLHAN_ADMIN,2026-09-05,observed_source_snapshot,A
East Singhbhum,Jamshedpur,Potka,34,282,JH_AH_KOLHAN_ADMIN,2026-09-05,observed_source_snapshot,A
East Singhbhum,Ghatshila,Bahragora,26,410,JH_AH_KOLHAN_ADMIN,2026-09-05,observed_source_snapshot,A
East Singhbhum,Ghatshila,Chakulia,19,251,JH_AH_KOLHAN_ADMIN,2026-09-05,observed_source_snapshot,A
East Singhbhum,Ghatshila,Dhalbhumgarh,11,107,JH_AH_KOLHAN_ADMIN,2026-09-05,observed_source_snapshot,A
East Singhbhum,Ghatshila,Dumaria,10,89,JH_AH_KOLHAN_ADMIN,2026-09-05,observed_source_snapshot,A
East Singhbhum,Ghatshila,Ghatshila,22,150,JH_AH_KOLHAN_ADMIN,2026-09-05,observed_source_snapshot,A
East Singhbhum,Ghatshila,Gurabandha,8,90,JH_AH_KOLHAN_ADMIN,2026-09-05,observed_source_snapshot,A
East Singhbhum,Ghatshila,Musabani,19,45,JH_AH_KOLHAN_ADMIN,2026-09-05,observed_source_snapshot,A
Saraikela-Kharsawan,Saraikela,Gamharia,20,189,JH_AH_KOLHAN_ADMIN,2026-09-05,observed_source_snapshot,A
Saraikela-Kharsawan,Saraikela,Kharsawan,13,127,JH_AH_KOLHAN_ADMIN,2026-09-05,observed_source_snapshot,A
Saraikela-Kharsawan,Saraikela,Kuchai,10,99,JH_AH_KOLHAN_ADMIN,2026-09-05,observed_source_snapshot,A
Saraikela-Kharsawan,Saraikela,Rajnagar,21,249,JH_AH_KOLHAN_ADMIN,2026-09-05,observed_source_snapshot,A
Saraikela-Kharsawan,Saraikela,Saraikela,14,167,JH_AH_KOLHAN_ADMIN,2026-09-05,observed_source_snapshot,A
Saraikela-Kharsawan,Chandil,Chandil,21,107,JH_AH_KOLHAN_ADMIN,2026-09-05,observed_source_snapshot,A
Saraikela-Kharsawan,Chandil,Ichagarh,14,104,JH_AH_KOLHAN_ADMIN,2026-09-05,observed_source_snapshot,A
Saraikela-Kharsawan,Chandil,Kukru,9,44,JH_AH_KOLHAN_ADMIN,2026-09-05,observed_source_snapshot,A
Saraikela-Kharsawan,Chandil,Nimdih,13,62,JH_AH_KOLHAN_ADMIN,2026-09-05,observed_source_snapshot,A
