reference_id,catalog_id,filename,url,sha256,bytes,rows_parsed
PC11_PCA-TV-2001,6537,DDW_PCA2001_2011_MDDS with UI.xlsx,https://censusindia.gov.in/nada/index.php/catalog/6537/download/9614/DDW_PCA2001_2011_MDDS%20with%20UI.xlsx,c5590b608687e1bf1d53774ebc3e3c34c8c52d6a2f3acdd1b3af766c06074cc5,495749,891
PC11_PCA-TV-2002,6538,DDW_PCA2002_2011_MDDS with UI.xlsx,https://censusindia.gov.in/nada/index.php/catalog/6538/download/9615/DDW_PCA2002_2011_MDDS%20with%20UI.xlsx,9a627b681e284d1774737bf6a024902eb1ff4e3cafce49027ddc1238a78653e8,722807,1473
PC11_PCA-TV-2003,6539,DDW_PCA2003_2011_MDDS with UI.xlsx,https://censusindia.gov.in/nada/index.php/catalog/6539/download/9616/DDW_PCA2003_2011_MDDS%20with%20UI.xlsx,8d6d5033a86b9c63f0cd35059093178a773dcdc3468db07bf000df8ae22bfe64,358994,704
PC11_PCA-TV-2004,6540,DDW_PCA2004_2011_MDDS with UI.xlsx,https://censusindia.gov.in/nada/index.php/catalog/6540/download/9617/DDW_PCA2004_2011_MDDS%20with%20UI.xlsx,9c55f402a7f23d394ebccc55bd588133683a41aa5402ae02ee8b3af3f3143a6c,1359416,2761
PC11_PCA-TV-2005,6541,DDW_PCA2005_2011_MDDS with UI.xlsx,https://censusindia.gov.in/nada/index.php/catalog/6541/download/9618/DDW_PCA2005_2011_MDDS%20with%20UI.xlsx,b5ed0d6469e74fa854edc3b0f5132ca0d687709644eea4f1b813c6c6e6783e01,1264397,2664
PC11_PCA-TV-2006,6542,DDW_PCA2006_2011_MDDS with UI.xlsx,https://censusindia.gov.in/nada/index.php/catalog/6542/download/9619/DDW_PCA2006_2011_MDDS%20with%20UI.xlsx,233f8d4b8946434b303592cafc0cd19d46b900e71326726caeb6d2148d8ddbdd,1057764,2305
PC11_PCA-TV-2007,6543,DDW_PCA2007_2011_MDDS with UI.xlsx,https://censusindia.gov.in/nada/index.php/catalog/6543/download/9620/DDW_PCA2007_2011_MDDS%20with%20UI.xlsx,d2d77c749a22f15c9c88c5e1974af022d66997bcaeec46e004520f859ae73264,840536,1821
PC11_PCA-TV-2008,6544,DDW_PCA2008_2011_MDDS with UI.xlsx,https://censusindia.gov.in/nada/index.php/catalog/6544/download/9621/DDW_PCA2008_2011_MDDS%20with%20UI.xlsx,5776ff0bc55353d028fd25d42f0d961bced780d3367acd52ca49f8c1e5d1fc3f,617129,1251
PC11_PCA-TV-2009,6545,DDW_PCA2009_2011_MDDS with UI.xlsx,https://censusindia.gov.in/nada/index.php/catalog/6545/download/9622/DDW_PCA2009_2011_MDDS%20with%20UI.xlsx,74ed38fad75a7391672c9209f3c78b816d324799510bb0703bb3dce3583be2f1,667507,1205
PC11_PCA-TV-2010,6546,DDW_PCA2010_2011_MDDS with UI.xlsx,https://censusindia.gov.in/nada/index.php/catalog/6546/download/9623/DDW_PCA2010_2011_MDDS%20with%20UI.xlsx,cfd39262f3ee56e0169c493bc0154d835c7ba3690ee1c1e260b86d2a7ed4d066,404186,662
PC11_PCA-TV-2011,6547,DDW_PCA2011_2011_MDDS with UI.xlsx,https://censusindia.gov.in/nada/index.php/catalog/6547/download/9624/DDW_PCA2011_2011_MDDS%20with%20UI.xlsx,49cc1059f1182051359432f1c4b261f21e826d2a67a70eab40f1090d63037aa2,211464,354
PC11_PCA-TV-2012,6548,DDW_PCA2012_2011_MDDS with UI.xlsx,https://censusindia.gov.in/nada/index.php/catalog/6548/download/9625/DDW_PCA2012_2011_MDDS%20with%20UI.xlsx,d0e0690501b3ce0c7a72839b7024b2240666571d843ca9df67de460c7e9645ba,1014458,1764
PC11_PCA-TV-2013,6549,DDW_PCA2013_2011_MDDS with UI.xlsx,https://censusindia.gov.in/nada/index.php/catalog/6549/download/9626/DDW_PCA2013_2011_MDDS%20with%20UI.xlsx,3c1fbd1ee1ae4816a296ff2913272e22b67b8627edc13fee2f1094a993f29976,965801,1879
PC11_PCA-TV-2014,6550,DDW_PCA2014_2011_MDDS with UI.xlsx,https://censusindia.gov.in/nada/index.php/catalog/6550/download/9627/DDW_PCA2014_2011_MDDS%20with%20UI.xlsx,696765f8d85f3384f0497c9f6fe94018c984025903369989042a7071d4b100ad,408306,773
PC11_PCA-TV-2015,6551,DDW_PCA2015_2011_MDDS with UI.xlsx,https://censusindia.gov.in/nada/index.php/catalog/6551/download/9628/DDW_PCA2015_2011_MDDS%20with%20UI.xlsx,f173110a0f5f108ba6ce1f537eef760f7eae6a313296a791dea76ad57240a9ab,698941,1325
PC11_PCA-TV-2016,6552,DDW_PCA2016_2011_MDDS with UI.xlsx,https://censusindia.gov.in/nada/index.php/catalog/6552/download/9629/DDW_PCA2016_2011_MDDS%20with%20UI.xlsx,b44beb636eb28e0d0c0a16cb3c01f6543c92bae5007a23b78b615e2d791e6287,207096,338
PC11_PCA-TV-2017,6553,DDW_PCA2017_2011_MDDS with UI.xlsx,https://censusindia.gov.in/nada/index.php/catalog/6553/download/9630/DDW_PCA2017_2011_MDDS%20with%20UI.xlsx,2a0ca4eebf0038cdae129c0f5d45e48b5a22d4f6654ef69eaef86dce04f56022,1396460,2930
PC11_PCA-TV-2018,6554,DDW_PCA2018_2011_MDDS with UI.xlsx,https://censusindia.gov.in/nada/index.php/catalog/6554/download/9631/DDW_PCA2018_2011_MDDS%20with%20UI.xlsx,6b09bee345730de938617edeeec6d03ba384a12f5cb51ac66b6dd59b7281f089,587883,1164
PC11_PCA-TV-2019,6555,DDW_PCA2019_2011_MDDS with UI.xlsx,https://censusindia.gov.in/nada/index.php/catalog/6555/download/9632/DDW_PCA2019_2011_MDDS%20with%20UI.xlsx,14d0f60adac0ae506b2053a9cafc84ffffc577da2eec5ac560b7515716ef25f4,742973,1326
PC11_PCA-TV-2020,6556,DDW_PCA2020_2011_MDDS with UI.xlsx,https://censusindia.gov.in/nada/index.php/catalog/6556/download/9633/DDW_PCA2020_2011_MDDS%20with%20UI.xlsx,554c196be0f77c0a55f1393b7ba9c717cd95ff9ab13e8a12eb4e7fc85b7709b9,389187,758
PC11_PCA-TV-2021,6557,DDW_PCA2021_2011_MDDS with UI.xlsx,https://censusindia.gov.in/nada/index.php/catalog/6557/download/9634/DDW_PCA2021_2011_MDDS%20with%20UI.xlsx,0a6ff1b39af0761646d3bb88ac7251c66f070731caecac3cd0066b39fc5983d4,502575,949
PC11_PCA-TV-2022,6558,DDW_PCA2022_2011_MDDS with UI.xlsx,https://censusindia.gov.in/nada/index.php/catalog/6558/download/9635/DDW_PCA2022_2011_MDDS%20with%20UI.xlsx,e07cb2a07e5e8c19dd9949c6a66b14b62420daffa34cbad176c9f24416e8d971,261095,451
PC11_PCA-TV-2023,6559,DDW_PCA2023_2011_MDDS with UI.xlsx,https://censusindia.gov.in/nada/index.php/catalog/6559/download/9636/DDW_PCA2023_2011_MDDS%20with%20UI.xlsx,85ec797e4dba16035abad66aeb85ea61de66a814c8c46218c103936223e98060,885967,1684
PC11_PCA-TV-2024,6560,DDW_PCA2024_2011_MDDS with UI.xlsx,https://censusindia.gov.in/nada/index.php/catalog/6560/download/9637/DDW_PCA2024_2011_MDDS%20with%20UI.xlsx,fda38d1f270b2a02bc09bc75a926183a4e1acb4a52e18a723e72f90fb70160f7,615066,1191
