component,dataset_or_registry,authority,reference_period,target_geography,status_in_jla,redistribution_status,notes
Current state hierarchy,Jharkhand State Profile,Government of Jharkhand,current,"state,division,district,subdivision",INGESTED,structured_extract_with_attribution,"1 state; 5 divisions; 24 districts referenced; 45 subdivisions captured separately from Census subdistricts"
Census district baseline,Census Basic Population / location hierarchy,ORGI,2011,district,INGESTED,reference_and_derived_only_until_verified,"24 Census district codes 346-369 retained as official baseline"
Census village location directory,PC11_MDDS_R-20 / Complete Villages Directory,ORGI / OGD,2011,"state,district,subdistrict,village",SOURCE_VERIFIED_RAW_NOT_BUNDLED,reuse_subject_to_resource_terms,"Official source identified; raw attachment must be acquired and checksum-recorded before JLA republishes a full village master"
Census 2001-2011 crosswalk,PC11_MDDS_R-20,ORGI,2001-2011,"district,subdistrict,village",SOURCE_VERIFIED_RAW_NOT_BUNDLED,reference_and_derived_only_until_verified,"Official Jharkhand rural crosswalk Rdir_2001_MDDS_20.xls identified"
Village/Town PCA,Village/Town-wise PCA 2011 Jharkhand,ORGI / OGD,2011,"district,subdistrict,village,town",SOURCE_VERIFIED_RAW_NOT_BUNDLED,reuse_subject_to_resource_terms,"Target variables include households population age 0-6 SC ST literacy and worker categories"
Village amenities,Jharkhand District Census Handbooks Part A,Directorate of Census Operations Jharkhand / ORGI,2011/2014,"district,village,town",SOURCE_VERIFIED_RAW_NOT_BUNDLED,reference_and_derived_only_until_verified,"Official DCHBs expose education medical water transport post electricity banking and other village-directory amenities"
Current revenue/local-government hierarchy,Local Government Directory,Ministry of Panchayati Raj,current,"district,subdistrict,block,village,panchayat,local_body",SOURCE_VERIFIED_RAW_NOT_BUNDLED,reuse_subject_to_resource_terms,"Use for current LGD codes and GP/village mapping; preserve as a temporal layer rather than overwriting Census 2011"
Jharkhand block list,Annexure III List of Blocks,Government of Jharkhand,published 2016,"district,block",SOURCE_VERIFIED_NOT_CURRENT_MASTER,structured_extract_with_attribution,"Useful historical/current cross-check but must not be presented as a 2026 master without LGD reconciliation"
Village coordinates/boundaries,No single authoritative reusable statewide layer verified yet,,current/varying,"village geometry",NOT_PUBLISHED,not_assessed,"No coordinates or polygons are invented; add only after source and reuse rights are verified"
